topic_words3,Isamaa ja Res Publica Liidu fraktsioon,Keskerakond,difference
palgatousu opetajate palgatous,0.0044052863436123,0.0322886989553656,-632.9534662868049
alkoholi kange lahja,0.0088105726872246,0.037037037037037,-320.3703703703733
tulumaksuvaba maksususteemi tulumaksu,0.0088105726872246,0.0322886989553656,-266.47673314340244
koolilouna koolitoidu koolitoit,0.0044052863436123,0.017094017094017,-288.03418803418896
kaibemaksu kaibemaks kaibemaksumaara,0.0044052863436123,0.0151946818613485,-244.91927825261368
efsf esm kreekale,0.0044052863436123,0.0142450142450142,-223.36182336182492
pensioni pension sammas,0.0044052863436123,0.0123456790123456,-180.24691358024737
kinnisasja maad maa,0.0044052863436123,0.0123456790123456,-180.24691358024737
arengufond arengufondi arengufondis,0.0044052863436123,0.0123456790123456,-180.24691358024737
kohtunike kohtususteem kohtuniku,0.0044052863436123,0.0104463437796771,-137.13200379867206
elamisluba elamisloa viisa,0.0044052863436123,0.0094966761633428,-115.57454890788328
vabatahtlike komandode paasteameti,0.0044052863436123,0.0085470085470085,-94.01709401709448
riigipuha puhade tahtpaevade,0.0044052863436123,0.0085470085470085,-94.01709401709448
pollumeestele pollumehi pollumehed,0.0088105726872246,0.0132953466286799,-50.902184235518064
elektri elektrit taastuvenergia,0.0088105726872246,0.0132953466286799,-50.902184235518064
palgalohe soolist meeste,0.0044052863436123,0.0075973409306742,-72.45963912630572
rahvuse rahvust rahvusriik,0.0044052863436123,0.0075973409306742,-72.45963912630572
valimisliitude volikogusse volikokku,0.0044052863436123,0.0066476733143399,-50.90218423551695
arengukavad arengukavade pohialuste,0.0044052863436123,0.0066476733143399,-50.90218423551695
vallaga vald sauga,0.0044052863436123,0.0066476733143399,-50.90218423551695
jarviku jarvik maaeluministri,0.0044052863436123,0.0056980056980056,-29.344729344728158
reklaami reklaam alkoholireklaam,0.0044052863436123,0.0056980056980056,-29.344729344728158
taanis saksamaal hollandis,0.0044052863436123,0.0056980056980056,-29.344729344728158
pohiseadusega riigikohus oiguskantsler,0.0088105726872246,0.0094966761633428,-7.7872744539416425
leping ratifitseerida lepinguga,0.0088105726872246,0.0094966761633428,-7.7872744539416425
haale valimispaeval valimiste,0.0044052863436123,0.0047483380816714,-7.7872744539416425
valijate erakonda valijaid,0.0044052863436123,0.0047483380816714,-7.7872744539416425
borsile ipo enefit,0.0044052863436123,0.0037986704653371,13.77018043684714
katteallikas katteallikaid katteallikat,0.0044052863436123,0.0037986704653371,13.77018043684714
metsa metsade mets,0.0044052863436123,0.0037986704653371,13.77018043684714
hanke hankija riigihangete,0.0044052863436123,0.0037986704653371,13.77018043684714
terviseandmed isikuandmeid terviseandmeid,0.0044052863436123,0.0037986704653371,13.77018043684714
otsevalimise presidenti presidendi,0.0044052863436123,0.0037986704653371,13.77018043684714
normitehnika mojude eeskiri,0.0044052863436123,0.0028490028490028,35.32763532763592
hoone rkas hoonet,0.0088105726872246,0.0056980056980056,35.32763532763592
karistuse karistus tingimisi,0.0088105726872246,0.0056980056980056,35.32763532763592
moisteid moiste moisted,0.0088105726872246,0.0056980056980056,35.32763532763592
tapsustatakse ajakohastatakse nouete,0.0044052863436123,0.0018993352326685,56.88509021842471
liitlaste ohutorje keskmaa,0.0044052863436123,0.0018993352326685,56.88509021842471
valispoliitika valispoliitikas diplomaatia,0.0044052863436123,0.0018993352326685,56.88509021842471
planeeringu keskkonnamoju keskkonnamojude,0.0044052863436123,0.0018993352326685,56.88509021842471
kala kalurid kalurite,0.0044052863436123,0.0018993352326685,56.88509021842471
ulikooliga kbfi instituudi,0.0044052863436123,0.0018993352326685,56.88509021842471
valimisea valimisiga valimisoiguse,0.0044052863436123,0.0018993352326685,56.88509021842471
maksuamet tolliamet tolliameti,0.0088105726872246,0.0047483380816714,46.10636277302918
koolis kooli opilased,0.0572687224669603,0.0455840455840455,20.403243480166623
louis freeh kremli,0.0044052863436123,0.0009496676163342,78.44254510921348
ammendumiseni kaheni pikendada,0.0044052863436123,0.0009496676163342,78.44254510921348
opositsiooni koalitsioonil opositsioonil,0.0044052863436123,0.0009496676163342,78.44254510921348
kodakondsust kodakondsuse kodanikuks,0.0088105726872246,0.0037986704653371,56.88509021842357
prokuratuur prokuratuuri prokuror,0.0088105726872246,0.0037986704653371,56.88509021842357
loomi loomade loomad,0.0088105726872246,0.0028490028490028,67.66381766381797
kaasne lisakulutusi riigieelarvele,0.0088105726872246,0.0028490028490028,67.66381766381797
jaatmeid liigiti prugi,0.0088105726872246,0.0028490028490028,67.66381766381797
soita jalakaija konniteel,0.0088105726872246,0.0028490028490028,67.66381766381797
riigiloivude riigiloivud riigiloivu,0.0088105726872246,0.0018993352326685,78.44254510921235
aasia aasias saatkonna,0.0088105726872246,0.0018993352326685,78.44254510921235
kodualuse maamaksu maamaksust,0.0088105726872246,0.0009496676163342,89.22127255460674
korterid kortereid korterit,0.013215859030837,0.0037986704653371,71.2567268122826
lasteaia lasteaias lasteaiakoha,0.0220264317180616,0.0094966761633428,56.88509021842354
tooandja tervisesse maksuvabalt,0.013215859030837,0.0028490028490028,78.44254510921213
toonadalal istungid taiendaval,0.013215859030837,0.0018993352326685,85.62836340614169
lapsetoetust lapsetoetus lapsetoetuse,0.0176211453744493,0.0037986704653371,78.44254510921192
huvigruppe huvigruppide kaasatud,0.0308370044052863,0.0113960113960113,63.04436304436331
riigiabi komisjonilt loa,0.0220264317180616,0.0009496676163342,95.68850902184272
ootuse oigusparase oiguskindluse,0.0220264317180616,0.0009496676163342,95.68850902184272
salvestisi salvestised salvestiste,0.026431718061674,0.0075973409306742,71.2567268122826
apteeke apteegid apteekide,0.0220264317180616,0.0037986704653371,82.75403608736951
joustumine joustuma joustada,0.0308370044052863,0.0094966761633428,69.20363587030259
opositsioonis koalitsiooni opositsiooni,0.039647577092511,0.0151946818613485,61.675635749709876
treenerite spordi sport,0.039647577092511,0.0066476733143399,83.23309064049825
krimmi agressiooni ukraina,0.0440528634361233,0.0056980056980056,87.06552706552728
erimargistatud kutust kutuse,0.0484581497797356,0.0066476733143399,86.28161961495309
psuhhiaatri alaealine psuhhiaatrilist,0.0616740088105726,0.0066476733143399,89.221272554606
elatisraha elatisabi elatise,0.079295154185022,0.0028490028490028,96.40709085153536
kulukuse krediidi kiirlaenude,0.013215859030837,0.0,100.0
vanemahuvitist vanemahuvitise vanemahuvitis,0.0088105726872246,0.0,100.0
jalitustegevuse jalitustoimingu sideandmete,0.0088105726872246,0.0,100.0
rahvaalgatuse rahvaalgatus rahvahaaletus,0.0044052863436123,0.0,100.0
poolte kokkuleppel huvitise,0.0044052863436123,0.0,100.0
energiaagentuur agentuuri agentuur,0.0044052863436123,0.0,100.0
danske filiaali rahapesu,0.0044052863436123,0.0,100.0
relva relvade relvaluba,0.0044052863436123,0.0,100.0
kinnitamise paevakorra paevakord,0.0044052863436123,0.0,100.0
ts parvlaeva parvlaevad,0.0044052863436123,0.0,100.0
valimiskomisjon proteste valimiskasti,0.0,0.0,
aardla pria pealtnagija,0.0,0.0,
kauguhendus avaksite ettekandjalt,0.0,0.0,
deklaratsiooni deklaratsioone deklaratsioonis,0.0,0.0,
domeenide domeeni interneti,0.0,0.0,
eripensioni valjateenitud staazi,0.0,0.0,
erso teatri kontserdi,0.0,0.0,
uhistranspordi uhistransport uhistransporti,0.0,0.0,
tsernoboli represseeritud oigusvastaselt,0.0,0.0,
kandideerima ametikohale kandidaatide,0.0,0.0,
aituma infotundi jahimehed,0.0,0.0,
konkurss konkursi konkurssi,0.0,0.0,
omandireformi tagastatud omandireform,0.0,0.0104463437796771,-inf
korrata stenogrammist vabandan,0.0,0.0,
muundatud geneetiliselt gmo,0.0,0.0,
ooteala piiriuletuse piiripunkti,0.0,0.0,
operatsioonil sojalisel panustamisel,0.0,0.0,
oppelaenu sugava puudega,0.0,0.0,
puude raskusastme puuet,0.0,0.0,
muraste kase kompleksi,0.0,0.0,
rahvahaaletuse rahvahaaletus rahvahaaletusel,0.0,0.0,
skais arendused infosusteemide,0.0,0.0,
miili baasvorgu lairiba,0.0,0.0,
memorandumi moistmise memorandum,0.0,0.0,
majandusaasta koondaruanne raamatupidamise,0.0,0.0,
kutsehariduse kutseharidus kutsehariduses,0.0,0.0,
kusimusena tahtsa tahtsusega,0.0,0.0,
kusija vastaja vastasin,0.0,0.0,
korruptsiooni korruptsioon korruptsiooniga,0.0,0.0,
teatri teater rahvusooper,0.0,0.0,
tootuna arvele ariuhingu,0.0,0.0,
objekti anu raua,0.0,0.0,
missiooni missioonile missioon,0.0,0.0047483380816714,-inf
kohanimenoukogu vonnu mulgi,0.0,0.0009496676163342,-inf
utah jordaania energia,0.0,0.0009496676163342,-inf
muugimaksu muugimaks paadimaksu,0.0,0.0009496676163342,-inf
muuseum muuseumi muuseumide,0.0,0.0028490028490028,-inf
nord stream streami,0.0,0.0028490028490028,-inf
riigikontrolor karis riigikontrolori,0.0,0.0037986704653371,-inf
riigimetsa majandamise noukokku,0.0,0.0018993352326685,-inf
riigipalgaliste riigisektoris koondada,0.0,0.0085470085470085,-inf
riigireformi riigireformist riigireform,0.0,0.0018993352326685,-inf
tulubaasi omavalitsustele omavalitsuste,0.0,0.0142450142450142,-inf
tulubaasi tasandusfondi tulumaksuosa,0.0,0.0104463437796771,-inf
ulejaagis struktuurses struktuurse,0.0,0.0037986704653371,-inf
uliopilased uliopilastele uliopilaste,0.0,0.0047483380816714,-inf
untso missioonide liikmesusest,0.0,0.0018993352326685,-inf
uuring uuringut uuringu,0.0,0.0028490028490028,-inf
koneleja konsensuslikud repliigi,0.0,0.0028490028490028,-inf
vaesuses suhtelises vaesuse,0.0,0.0009496676163342,-inf
vagivalla naistevastase perevagivalla,0.0,0.0009496676163342,-inf
vagivallale vihakone ohutamine,0.0,0.0047483380816714,-inf
valdkonnad laekumisest fikseeritakse,0.0,0.0009496676163342,-inf
valismaale valjarande valjaranne,0.0,0.0075973409306742,-inf
varude varud varu,0.0,0.0009496676163342,-inf
veb fondi uurimiskomisjon,0.0,0.0018993352326685,-inf
vee monopolide veeteenuse,0.0,0.0018993352326685,-inf
toovoimereformi toovoimega toovoimereform,0.0,0.0085470085470085,-inf
korterelamute kortermajade kredexi,0.0,0.0028490028490028,-inf
tootuli lepitaja ametiuhingute,0.0,0.0009496676163342,-inf
tooandja tooandjal tootaja,0.0,0.0009496676163342,-inf
virumaale virumaa toostusalade,0.0,0.0075973409306742,-inf
magustatud suhkrut joogi,0.0,0.0009496676163342,-inf
maavalitsuste maavalitsused maakonna,0.0,0.0066476733143399,-inf
maantee neljarealiseks ppp,0.0,0.0037986704653371,-inf
pagulasi pagulased pagulaste,0.0,0.0180436847103513,-inf
pealinnast tallinnast viljandisse,0.0,0.0018993352326685,-inf
pensionifondide pensionifondid fondid,0.0,0.0094966761633428,-inf
pensioniiga pensioniea eluiga,0.0,0.0028490028490028,-inf
pensionitous pensionitousu pension,0.0,0.0047483380816714,-inf
oigusriik oigusriigi oigusriigist,0.0,0.0018993352326685,-inf
piima toorpiima toodangut,0.0,0.0075973409306742,-inf
piirilepingu piirileping piirilepingut,0.0,0.0028490028490028,-inf
piirivalve valvamise valvamine,0.0,0.0018993352326685,-inf
post posti omniva,0.0,0.0047483380816714,-inf
president ilves presidendi,0.0,0.0037986704653371,-inf
rail trassi balticu,0.0,0.0018993352326685,-inf
riigikontrolli auditi auditit,0.0,0.0066476733143399,-inf
piirikontrolli schengeni valispiiri,0.0,0.0009496676163342,-inf
oigusloome oigusloomes oiguspoliitika,0.0,0.0018993352326685,-inf
oiglase virumaale ulemineku,0.0,0.0047483380816714,-inf
noukogudesse ariuhingute noukogudes,0.0,0.0085470085470085,-inf
korteriuhistu korteriomanike korteriuhistute,0.0,0.0085470085470085,-inf
laari laar kandidatuuri,0.0,0.0009496676163342,-inf
lae korgepalgaliste lagi,0.0,0.0009496676163342,-inf
lahususe voimude lahusus,0.0,0.0009496676163342,-inf
liiklussurmade liikluses hukkunute,0.0,0.0009496676163342,-inf
lipu laevu kaubalaeva,0.0,0.0009496676163342,-inf
lipud lippude lipp,0.0,0.0009496676163342,-inf
lng terminali gaasi,0.0,0.0009496676163342,-inf
rongi rongide rongid,0.0,0.0009496676163342,-inf
salastatud valisteabe riigisaladuse,0.0,0.0009496676163342,-inf
samba sammas sambasse,0.0,0.0028490028490028,-inf
estonian air airi,0.0,0.0047483380816714,-inf
idapiiri piiririba valjaehitamine,0.0,0.0037986704653371,-inf
fie fuusilisest isikust,0.0,0.0018993352326685,-inf
id mobiil kaardi,0.0,0.0047483380816714,-inf
haalte kandidaatidele haaletamisest,0.0,0.0009496676163342,-inf
hadaolukorda eriolukord eriolukorra,0.0,0.0018993352326685,-inf
huvihariduse huvitegevuse huviharidus,0.0,0.0018993352326685,-inf
haiguspaevade haiguspaevi haiguspaeva,0.0,0.0018993352326685,-inf
hambaravi hammaste hambad,0.0,0.0047483380816714,-inf
hooldekodus hoolduse hooldekodu,0.0,0.0018993352326685,-inf
hoiu pangad pankade,0.0,0.0018993352326685,-inf
etv saateid pbk,0.0,0.0037986704653371,-inf
kasvavad tuleval kasv,0.0,0.0009496676163342,-inf
hansson ardo panga,0.0,0.0009496676163342,-inf
kolledz kolledzi turi,0.0,0.0028490028490028,-inf
annetus erjk annetuse,0.0,0.0018993352326685,-inf
abielu kooselu samasooliste,0.0,0.0056980056980056,-inf
kohtutaiturite kohtutaitur kohtutaituri,0.0,0.0009496676163342,-inf
kohtla jarve johvi,0.0,0.0028490028490028,-inf
abipolitseinik abipolitseiniku abipolitseinike,0.0,0.0018993352326685,-inf
kirik kiriku maarja,0.0,0.0028490028490028,-inf
annetused annetusi annetuste,0.0,0.0009496676163342,-inf
ametiuhingute tooandjate keskliit,0.0,0.0009496676163342,-inf
keskkonnaameti uhendamine uhendamise,0.0,0.0009496676163342,-inf
keeleoskust oskuse keeleoskuse,0.0,0.0066476733143399,-inf
ajakirjandus ajakirjanduse ajakirjandust,0.0,0.0037986704653371,-inf
iive sundimus iibe,0.0,0.0009496676163342,-inf
kantsler kantsleri riigisekretar,0.0,0.0018993352326685,-inf
sigade katku katk,0.0,0.0123456790123456,-inf
inflatsiooni inflatsioon hinnatous,0.0,0.0018993352326685,-inf
slovakkia ungari portugal,0.0,0.0085470085470085,-inf
sularaha kommertspangad pangad,0.0,0.0066476733143399,-inf
suuria euroopasse turgis,0.0,0.0047483380816714,-inf
talupidajate kaubanduskoja kaubanduskoda,0.0,0.0009496676163342,-inf
tarbijakaitse amet ametile,0.0,0.0018993352326685,-inf
teadus teaduse arendustegevuse,0.0,0.0075973409306742,-inf
teede teehoiuks teedele,0.0,0.0085470085470085,-inf
teekasutustasu autode autod,0.0,0.0037986704653371,-inf
teenistuse teenistuses avalikus,0.0,0.0028490028490028,-inf
teenuseid teenused teenust,0.0,0.0066476733143399,-inf
tervist tervis tervisega,0.0,0.0028490028490028,-inf
tootuid tootute tootu,0.0,0.0037986704653371,-inf
koolituse koolitus koolitusele,0.0,0.0047483380816714,-inf
volakirjade keskpank volakirju,0.0,0.0037986704653371,-inf
eelarves riigieelarves reservist,0.0,0.0142450142450142,-inf
kandidaati kandidaat valituks,0.0,0.0028490028490028,-inf
kandidaadi kandidaati kandidaat,0.0,0.0009496676163342,-inf
direktiivi direktiiv ulevotmise,0.0,0.0009496676163342,-inf
kaitseliit kaitseliidule kaitseliidu,0.0,0.0075973409306742,-inf
kaitsekulud kaitsekulutused kaitsekulude,0.0,0.0009496676163342,-inf
eelarvele kulude riigieelarvele,0.0,0.0018993352326685,-inf
hiv narkomaania epideemia,0.0,0.0009496676163342,-inf
jahimehed jahimeeste jahti,0.0,0.0018993352326685,-inf
eriarstide eriarstiabi eriarsti,0.0,0.0132953466286799,-inf
inimarengu aruanne aruandes,0.0,0.0018993352326685,-inf
volitust kaasuses jarvik,0.0,0.0,
